sum_response_time,number_of_received_responses,number_of_sent_requests
6772,441,443
10500,690,694
20493,1353,1357
30488,2011,2015
40289,2693,2697
41347,2768,2774
44881,3027,3036
49398,3348,3358
52448,3560,3573
53684,3652,3667
56225,3841,3859
60544,4138,4158
64086,4392,4414
70863,4869,4892
77837,5315,5339
81509,5568,5594
88473,6045,6072
92390,6313,6341
99203,6779,6809
106096,7273,7304
113769,7821,7852
117067,8038,8071
120324,8254,8289
126019,8656,8693
130889,9009,9048
137776,9518,9558
145369,10053,10093
148404,10270,10313
152155,10539,10584
155926,10800,10847
162435,11251,11299
166625,11391,11441
170391,11658,11710
173652,11877,11931
174293,11916,11973
177574,12153,12212
181710,12432,12493
185347,12680,12743
189239,12937,13002
199228,13611,13676
206226,14093,14159
213145,14572,14639
216314,14796,14865
217193,14852,14924
221290,15123,15197
228273,15607,15682
238266,16298,16373
242172,16576,16653
248984,17060,17138
252828,17330,17410
258684,17745,17826
266505,18300,18382
270196,18558,18642
277221,19063,19147
283894,19482,19568
291067,19973,20059
294683,20228,20316
300342,20607,20697
305187,20942,21034
312156,21458,21551
316005,21736,21831
322903,22234,22330
326675,22499,22597
330579,22772,22872
335798,23120,23221
337353,23223,23327
339071,23341,23447
342814,23595,23704
346424,23843,23954
350293,24116,24229
356996,24578,24692
360997,24853,24969
367934,25330,25447
374716,25792,25910
378421,26044,26164
385357,26509,26630
389765,26810,26932
394403,27139,27263
397803,27370,27496
401578,27635,27763
407007,28006,28136
410848,28264,28396
414742,28533,28667
421526,28983,29118
425403,29251,29388
428508,29465,29604
430331,29592,29733
438134,30137,30279
441606,30376,30520
446501,30724,30870
450034,30981,31129
452054,31123,31273
453544,31231,31384
458562,31589,31744
465412,32059,32215
473469,32611,32767
475874,32782,32941
485850,33494,33653
490080,33778,33938
493585,34017,34180
500471,34482,34646
503511,34692,34858
505900,34852,35020
506594,34901,35072
512209,35286,35459
516029,35534,35709
519927,35789,35966
523163,36014,36193
529618,36472,36652
537620,37061,37242
543802,37485,37667
551321,38000,38183
556565,38354,38538
562935,38801,38986
565568,39010,39198
566797,39094,39284
569998,39347,39540
572141,39504,39699
577699,39923,40120
580067,40074,40273
584272,40362,40563
587070,40557,40760
592910,40938,41143
598990,41355,41561
602479,41600,41808
604457,41729,41939
608831,42030,42242
615282,42482,42695
621407,42885,43100
628260,43345,43561
637930,44011,44227
640132,44172,44390
643226,44377,44597
649584,44823,45045
657349,45424,45646
666539,46126,46349
673362,46648,46872
676700,46879,47105
681110,47191,47419
685868,47519,47748
691213,47892,48123
695415,48183,48416
700655,48534,48768
704272,48796,49032
706490,48953,49192
711114,49281,49521
717037,49683,49925
726501,50335,50577
731411,50665,50908
735236,50940,51185
741905,51415,51661
746327,51736,51984
749295,51954,52204
758773,52638,52889
768766,53358,53609
775619,53838,54090
776144,53871,54126
778900,54048,54305
781563,54232,54491
784240,54418,54680
794247,55107,55369
798164,55370,55634
800956,55565,55831
805366,55872,56140
806148,55921,56191
809586,56154,56427
812178,56337,56612
814746,56512,56790
824751,57112,57390
828674,57388,57668
832604,57664,57946
838525,58063,58346
843338,58389,58674
846546,58613,58900
854048,59144,59432
862066,59720,60008
868837,60175,60464
873844,60516,60807
877111,60739,61032
880491,60972,61267
885723,61365,61662
892041,61825,62123
896289,62141,62441
900013,62389,62691
906187,62806,63109
910612,63119,63424
912844,63280,63587
918277,63651,63960
920837,63829,64140
925857,64175,64488
935859,64868,65181
942743,65349,65663
943450,65400,65716
950251,65871,66189
954923,66200,66519
957753,66391,66713
964710,66875,67198
970621,67293,67617
975334,67624,67949
983321,68209,68535
989117,68603,68931
996014,69073,69402
999853,69346,69677
1004404,69663,69995
1007106,69842,70177
1013935,70307,70643
1020802,70782,71119
1022900,70932,71271
1028528,71317,71658
1035484,71802,72144
1039208,72075,72419
1041735,72248,72594
1046681,72572,72920
1050978,72860,73210
1057619,73300,73651
1058662,73376,73730
1062436,73637,73993
1066657,73939,74296
1068033,74037,74397
1070662,74217,74580
1074148,74453,74818
1074635,74487,74855
1076073,74587,74957
1079543,74831,75204
1082890,75062,75437
1090447,75580,75956
1097079,76031,76408
1101432,76324,76702
1104266,76520,76901
1108841,76841,77224
1114447,77233,77617
1119458,77590,77976
1126295,78064,78451
1128553,78224,78613
1128580,78226,78618
1132615,78518,78912
1133138,78553,78950
1133327,78567,78967
1136601,78787,79190
1143484,79266,79670
1147518,79553,79958
1151913,79861,80268
1157763,80258,80667
1158885,80337,80748
1164809,80752,81165
1169114,81064,81479
1170725,81180,81597
1176786,81621,82040
1183598,82108,82528
1188778,82452,82873
1197245,83005,83427
1203627,83440,83863
1209612,83846,84270
1214648,84182,84608
1218217,84419,84847
1223573,84778,85207
1226667,84991,85422
1232498,85399,85832
1236283,85657,86092
1240008,85902,86339
1243882,86173,86611
1250729,86646,87086
1254607,86914,87356
1256862,87063,87507
1262267,87430,87876
1269178,87888,88335
1279171,88548,88995
1286186,89035,89483
1293149,89513,89961
1299695,89950,90400
1306531,90405,90856
1313282,90864,91316
1321211,91397,91849
1326955,91785,92239
1330509,92029,92485
1335838,92380,92837
1341146,92746,93205
1351145,93409,93868
1356699,93779,94239
1364863,94339,94800
1371759,94811,95273
1378602,95280,95743
1385487,95736,96200
1395486,96414,96878
1402407,96886,97351
1412399,97544,98009
1419355,98002,98468
1429360,98687,99153
1434998,99067,99534
1440228,99415,99883
1444387,99703,100173
1448525,99986,100458
1451532,100186,100660
1454769,100409,100886
1461732,100893,101371
1465575,101143,101623
1467189,101255,101737
1475187,101800,102283
1479963,102115,102600
1486840,102580,103066
1493608,103037,103524
1500404,103498,103986
1507208,103964,104453
1512186,104297,104787
1517688,104664,105156
1524491,105122,105615
1531446,105586,106080
1535130,105839,106335
1543257,106387,106883
1545720,106559,107057
1555401,107200,107699
1558323,107399,107900
1563319,107727,108229
1569813,108170,108674
1576640,108633,109138
1586642,109303,109808
1592288,109681,110187
1599125,110155,110662
1604121,110497,111006
1605047,110561,111072
1609387,110860,111373
1613651,111156,111671
1622503,111761,112277
1629100,112210,112727
1633173,112491,113010
1637028,112748,113268
1646786,113389,113910
1653307,113826,114348
1657633,114123,114647
1666727,114723,115247
1671313,115039,115565
1681305,115713,116239
1685612,116004,116531
1695144,116646,117174
1701453,117066,117595
1705583,117350,117881
1709616,117618,118151
1719616,118288,118821
1724891,118641,119175
1733251,119208,119743
1736989,119461,119998
1743797,119930,120467
1750615,120385,120924
1754700,120660,121200
1758723,120939,121481
1767667,121564,122107
1771788,121841,122386
1778143,122274,122820
1785613,122794,123341
1789335,123049,123598
1796098,123498,124048
1802096,123909,124460
1806647,124220,124773
1810453,124483,125038
1815026,124794,125350
1820230,125141,125699
1821595,125237,125797
1822170,125275,125839
1828058,125667,126232
1832724,125989,126556
1836472,126242,126811
1843229,126699,127269
1848910,127083,127654
1854093,127429,128002
1859363,127790,128364
1864868,128170,128746
1871675,128619,129196
1875924,128905,129483
1885511,129569,130148
1893884,130142,130721
1899272,130504,131085
1906044,130959,131541
1912792,131425,132008
1920995,131992,132575
1921862,132051,132637
1927109,132399,132987
1934061,132877,133466
1940825,133341,133931
1947699,133809,134400
1954460,134275,134867
1961349,134742,135335
1971349,135408,136001
1978611,135910,136503
1982044,136142,136738
1988996,136617,137214
1993118,136890,137488
2002738,137533,138132
2006935,137822,138422
2016579,138473,139074
2024008,138975,139576
2030183,139389,139992
2037164,139872,140476
2043964,140333,140938
2050770,140792,141398
2055218,141092,141699
2061337,141501,142110
2066728,141886,142496
2068803,142028,142641
2078803,142702,143315
2088800,143379,143992
2095564,143843,144457
2102375,144305,144920
2106206,144561,145178
2110997,144879,145497
2113268,145039,145660
2117623,145329,145952
2121338,145573,146198
2131364,146245,146870
2139200,146775,147400
2148160,147371,147997
2155092,147837,148464
2160146,148177,148805
2164005,148446,149076
2169193,148800,149432
2176690,149314,149947
2180359,149560,150195
2184072,149804,150441
2187886,150060,150699
2194862,150536,151176
2198660,150797,151439
2202511,151059,151703
2212505,151732,152376
2217895,152101,152746
2224051,152518,153164
2230130,152928,153576
2237235,153407,154055
2239631,153571,154222
2244489,153901,154554
2251276,154361,155015
2255211,154628,155284
2263631,155200,155856
2272182,155796,156453
2279168,156272,156929
2282889,156520,157180
2292890,157177,157837
2302902,157859,158519
2309658,158316,158977
2313507,158571,159234
2320491,159056,159720
2327269,159525,160190
2332680,159881,160547
2336676,160151,160819
2341943,160507,161176
2347378,160871,161542
2353634,161299,161971
2358301,161615,162289
2360011,161732,162409
2366886,162201,162879
2372702,162597,163276
2375264,162772,163453
2381217,163164,163847
2390471,163780,164463
2398079,164289,164973
2401588,164523,165209
2410385,165112,165798
2415065,165429,166117
2418292,165654,166344
2425961,166184,166875
2432782,166637,167329
2439691,167101,167794
2446463,167551,168245
2453232,168009,168704
2460210,168497,169193
2464114,168756,169453
2467610,168994,169694
2474512,169460,170161
2477970,169686,170389
2481422,169924,170629
2485568,170209,170916
2492532,170688,171396
2496260,170944,171654
2503102,171411,172122
2507938,171752,172464
2513637,172128,172842
2519299,172515,173230
2522755,172741,173458
2528241,173103,173822
2535037,173567,174287
2538913,173831,174553
2545872,174302,175025
2552667,174758,175482
2562674,175427,176151
2569601,175893,176618
2576470,176360,177086
2581678,176713,177440
2586357,177023,177752
2587903,177127,177859
2591775,177386,178120
2601070,178010,178744
2607369,178440,179175
2612338,178766,179503
2615222,178959,179698
2622034,179427,180167
2624478,179594,180336
2632289,180132,180875
2638202,180526,181270
2646152,181065,181810
2654212,181622,182368
2659378,181982,182729
2663336,182246,182995
2668631,182602,183353
2673576,182931,183683
2678854,183288,184042
2683111,183579,184335
2687223,183851,184608
2693681,184292,185051
2703674,184962,185721
2710600,185429,186189
2717488,185890,186651
2725684,186445,187206
2731427,186836,187599
2741427,187518,188281
2748411,187982,188746
2755209,188445,189210
2760083,188769,189535
2765777,189158,189926
2770317,189471,190240
2776632,189906,190677
2783546,190370,191142
2788545,190699,191472
2794235,191080,191855
2800969,191543,192319
2810990,192231,193007
2820988,192909,193685
2824545,193148,193926
2827417,193343,194123
2831979,193655,194437
2838905,194138,194921
2844352,194501,195285
2847398,194705,195491
2853980,195154,195941
2860243,195581,196370
2867041,196040,196830
2874020,196527,197318
2881232,197008,197799
2884678,197239,198033
2888744,197508,198303
2895152,197937,198734
2901994,198409,199207
2911984,199094,199892
2917638,199471,200270
2917937,199493,200295
2923373,199872,200676
2928596,200240,201045
2933164,200551,201358
2940966,201093,201901
2946829,201490,202299
2951445,201795,202606
2958399,202265,203077
2964042,202648,203461
2965922,202776,203592
2968407,202942,203760
2973469,203275,204094
2979610,203701,204522
2984307,204021,204844
2994305,204701,205524
3003351,205322,206145
3008090,205640,206465
3018089,206325,207150
3023388,206687,207513
3028482,207035,207863
3032085,207279,208109
3038834,207727,208558
3045712,208193,209025
3049954,208489,209322
3056594,208921,209756
3064102,209428,210263
3067348,209642,210480
3074190,210103,210942
3080019,210511,211351
3084722,210827,211669
3091673,211292,212135
3100880,211904,212747
3107790,212389,213233
3110864,212602,213448
3119401,213171,214018
3123428,213437,214285
3129855,213877,214727
3139862,214554,215404
3146714,215015,215866
3151384,215339,216191
3157307,215749,216603
3164163,216221,217076
3174164,216901,217756
3175713,217005,217862
3184283,217584,218442
3191455,218063,218922
3198444,218521,219381
3206640,219067,219927
3212372,219441,220303
3219173,219910,220773
3223002,220173,221038
3226515,220419,221286
3230726,220708,221577
3237513,221159,222029
3244871,221672,222542
3251215,222095,222967
3254908,222353,223227
3261889,222811,223686
3268699,223266,224142
3272572,223529,224407
3279350,223986,224865
3280835,224087,224968
3283932,224291,225174
3290622,224739,225624
3297454,225188,226074
3307454,225856,226742
3312955,226237,227124
3318111,226587,227476
3322118,226859,227749
3328873,227326,228218
3337899,227928,228820
3345757,228461,229354
3352743,228945,229839
3356418,229197,230093
3362693,229614,230511
3366859,229903,230802
3376864,230563,231462
3382501,230948,231848
3387378,231290,232192
3391031,231536,232440
3397890,232013,232918
3404860,232483,233389
3412214,232981,233887
3415565,233202,234111
3425553,233873,234782
3429087,234115,235026
3432359,234339,235252
3439610,234811,235725
3443433,235056,235972
3450365,235523,236440
3457117,235983,236901
3460862,236234,237153
3467620,236691,237612
3474601,237158,238080
3481751,237641,238563
3488510,238112,239036
3490550,238254,239180
3492803,238402,239331
3499611,238865,239795
3504402,239192,240123
3510291,239604,240537
3517066,240064,240998
3527056,240730,241664
3531470,241031,241966
3537625,241444,242381
3541375,241700,242639
3547729,242136,243076
3552004,242419,243360
3555710,242673,243617
3562694,243155,244100
3569429,243618,244564
3575042,243997,244944
3580195,244348,245297
3587164,244805,245755
3594008,245260,246211
3604005,245917,246868
3614015,246591,247542
3623857,247253,248204
3630923,247712,248664
3637910,248173,249126
3641701,248426,249381
3648278,248874,249830
3651474,249096,250054
3656178,249419,250379
3659898,249672,250634
3663818,249940,250904
3673814,250607,251571
3680634,251077,252042
3690649,251751,252716
3697469,252200,253166
3704316,252672,253639
3711288,253131,254099
3718938,253654,254622
3724787,254032,255002
3731596,254487,255458
3741596,255146,256117
3751592,255818,256789
3758575,256295,257267
3762369,256562,257536
3769271,257027,258002
3773944,257354,258330
3779800,257756,258734
3783589,258020,259000
3787896,258324,259305
3797438,258965,259947
3801356,259216,260199
3811188,259886,260870
3812707,259988,260974
3815761,260197,261186
3822690,260663,261653
3829633,261120,262111
3833884,261396,262388
3837037,261612,262607
3843804,262067,263063
3853792,262741,263737
3863801,263418,264414
3866982,263628,264626
3870999,263898,264898
3877819,264357,265358
3884629,264822,265824
3891620,265282,266285
3901619,265960,266963
3907748,266374,267378
3912430,266679,267685
3916135,266934,267942
3920033,267201,268211
3930044,267860,268870
3936816,268321,269332
3945606,268926,269937
3953753,269465,270477
3962831,270078,271090
3964148,270166,271181
3965286,270245,271262
3974783,270892,271910
3984780,271554,272572
3994783,272227,273245
4000098,272593,273612
4008622,273165,274185
4013874,273524,274545
4021831,274063,275085
4029374,274575,275598
4036364,275057,276081
4043333,275503,276528
4047146,275756,276783
4053915,276209,277237
4060869,276667,277696
4069172,277240,278269
4075127,277637,278667
4081793,278084,279116
4088598,278552,279585
4095507,279008,280042
4102353,279468,280503
4106224,279731,280768
4110017,279989,281028
4116875,280452,281492
4121529,280759,281800
4125544,281023,282066
4128622,281228,282273
4132050,281464,282511
4139001,281939,282987
4145624,282383,283433
4152043,282810,283861
4156249,283100,284153
4160289,283376,284431
4170289,284051,285106
4180293,284724,285779
4184619,285027,286083
4191077,285472,286530
4195623,285782,286841
4198718,286001,287063
4208719,286661,287723
4215639,287142,288205
4225636,287813,288876
4228892,288030,289095
4233784,288366,289432
4239538,288757,289825
4241511,288890,289960
4247487,289292,290364
4254349,289761,290834
4264342,290445,291518
4267990,290689,291764
4274873,291142,292218
4281808,291612,292689
4291329,292247,293324
4294369,292446,293525
4298191,292710,293791
4302798,293020,294103
4305112,293175,294260
4310417,293533,294620
4315563,293882,294970
4321121,294261,295351
4328717,294771,295861
4337875,295394,296485
4341690,295652,296745
4351683,296331,297424
4358635,296804,297898
4365512,297290,298385
4372220,297748,298844
4379412,298230,299327
4386187,298689,299787
4393021,299156,300255
4403031,299840,300939
4411599,300426,301525
4418272,300861,301961
4423632,301225,302327
4427466,301485,302589
4431569,301755,302860
4438153,302191,303298
4443346,302544,303652
4452008,303120,304229
4456403,303407,304517
4465859,304042,305153
4473918,304574,305685
4478505,304884,305997
4482931,305184,306299
4489893,305661,306777
4496644,306123,307240
4500299,306366,307485
4502508,306519,307640
4504687,306675,307799
4507370,306843,307969
4509374,306977,308105
4513911,307291,308421
4519883,307691,308823
4525647,308080,309213
4533793,308631,309765
4538742,308966,310101
4541458,309147,310285
4546697,309508,310647
4553728,309992,311132
4561653,310506,311647
4565612,310780,311923
4572524,311246,312390
4575106,311419,312565
4583143,311958,313105
4591557,312534,313681
4595398,312794,313943
4599202,313049,314200
4602250,313256,314409
4607303,313587,314742
4609661,313751,314908
4616049,314182,315341
4622904,314640,315800
4632901,315320,316480
4642134,315955,317115
4646828,316281,317443
4651110,316575,317738
4657358,316991,318156
4660906,317224,318391
4670838,317891,319058
4674771,318160,319329
4684759,318837,320006
4694773,319494,320663
4699846,319828,320998
4705205,320189,321361
4712029,320647,321820
4718814,321111,322285
4725672,321577,322751
4735371,322218,323393
4739406,322494,323671
4744962,322869,324047
4748463,323108,324288
4756772,323669,324850
4761589,323996,325178
4766606,324332,325516
4768760,324479,325665
4769551,324533,325722
4775274,324924,326115
4779659,325222,326415
4783552,325482,326677
4793551,326152,327347
4797933,326453,327649
4803666,326840,328038
4806882,327047,328247
4810896,327321,328523
4814798,327580,328784
4821705,328043,329248
4831706,328726,329931
4835129,328967,330174
4836860,329084,330293
4842969,329501,330712
4849725,329958,331170
4855740,330367,331580
4863534,330885,332099
4867307,331150,332366
4874204,331630,332847
4878065,331899,333118
4881458,332132,333353
4888554,332612,333834
4895328,333081,334304
4902216,333566,334790
4904743,333739,334965
4909733,334072,335300
4916298,334511,335740
4923502,335005,336235
4930362,335484,336715
4937317,335955,337187
4942864,336319,337552
4945208,336468,337703
4948470,336687,337925
4952290,336955,338195
4958214,337362,338603
4962912,337685,338928
4970605,338208,339451
4976634,338627,339872
4983595,339107,340353
4990527,339577,340824
4997447,340029,341277
5002151,340344,341593
5007915,340726,341977
5014852,341204,342456
5017846,341417,342671
5022324,341712,342968
5032335,342401,343657
5039169,342863,344120
5044940,343246,344504
5051812,343716,344975
5056381,344025,345286
5060101,344276,345538
5065746,344645,345909
5070447,344958,346224
5075048,345267,346534
5077781,345450,346720
5083981,345865,347136
5091653,346376,347648
5098630,346856,348129
5105558,347333,348607
5109333,347583,348859
5114572,347931,349208
5123103,348507,349785
5127846,348824,350103
5130819,349025,350307
5135669,349347,350630
5144517,349958,351242
5148580,350231,351516
5158235,350892,352178
5168222,351568,352854
5178225,352244,353530
5185129,352708,353995
5191992,353173,354461
5200965,353779,355067
5208914,354320,355609
5212956,354593,355883
5217554,354903,356195
5226364,355503,356796
5230969,355812,357106
5240279,356446,357741
5243839,356692,357989
5247361,356935,358234
5252880,357319,358619
5257428,357627,358929
5261705,357914,359218
5270489,358505,359809
5278642,359046,360351
5285441,359516,360822
5292439,359998,361305
5299705,360500,361807
5306174,360937,362246
5311737,361319,362629
5319972,361872,363183
5326809,362343,363655
5336803,363031,364343
5343715,363503,364816
5350681,363962,365276
5357458,364418,365733
5363100,364805,366121
5368130,365140,366458
5370234,365282,366602
5375847,365653,366975
5380227,365949,367272
5383991,366200,367525
5393448,366841,368167
5400549,367310,368636
5407260,367772,369100
5414105,368237,369566
5420975,368709,370039
5424833,368966,370298
5431745,369429,370762
5441438,370088,371421
5445711,370375,371710
5452605,370851,372187
5459761,371334,372670
5463190,371562,372901
5473193,372244,373583
5480107,372708,374048
5484195,372991,374332
5490847,373444,374787
5497680,373912,375256
5502984,374278,375623
5509637,374717,376063
5515333,375116,376464
5522226,375575,376924
5528146,375972,377322
5534632,376411,377762
5542655,376956,378308
5549653,377426,378779
5556509,377892,379246
5565058,378448,379802
5573322,379006,380361
5580155,379469,380825
5590138,380143,381499
5593304,380358,381716
5597563,380650,382010
5603894,381086,382447
5608064,381374,382737
5614895,381833,383197
5621789,382298,383663
5625645,382558,383925
5632523,383032,384400
5638223,383412,384781
5640396,383559,384931
5644197,383814,385188
5654196,384496,385870
5664198,385193,386567
5667895,385443,386819
5677887,386136,387512
5683930,386547,387924
5691566,387041,388419
5698454,387511,388889
5702283,387769,389150
5709242,388245,389627
5716062,388699,390082
5720629,388999,390383
5726437,389386,390772
5733253,389863,391250
5739698,390297,391685
5743833,390568,391958
5747433,390802,392194
5754416,391254,392647
5761302,391724,393118
5768153,392181,393576
5772069,392444,393841
5776890,392767,394165
5780104,392986,394386
5789546,393649,395050
5794677,393991,395393
5801884,394484,395887
5807061,394836,396241
5814053,395306,396712
5820959,395790,397197
5825589,396102,397510
5828400,396295,397706
5834875,396736,398148
5839004,397016,398430
5842901,397279,398694
5851101,397829,399245
5853639,397997,399415
5856965,398223,399644
5866303,398851,400272
5870528,399135,400558
5874594,399405,400830
5881514,399868,401294
5888348,400321,401748
5898355,401003,402430
5902015,401256,402685
5903374,401350,402781
5907451,401621,403054
5916487,402239,403673
5920258,402497,403933
5930256,403173,404609
5937777,403673,405109
5943876,404073,405511
5947699,404335,405775
5954152,404768,406209
5960843,405213,406655
5968224,405715,407158
5975789,406221,407664
5978786,406426,407872
5985725,406899,408346
5992659,407367,408815
5993484,407414,408864
5996959,407649,409102
6000816,407903,409358
6004607,408150,409607
6011536,408623,410081
6021531,409308,410766
6027611,409723,411182
6032813,410069,411529
6036261,410307,411769
6040119,410565,412029
6045975,410955,412421
6047366,411050,412519
6051229,411310,412781
6059286,411864,413335
6064769,412239,413712
6068640,412503,413978
6071630,412704,414181
6076112,413007,414486
6084706,413595,415074
6092966,414146,415626
6102978,414825,416305
6108524,415206,416687
6113530,415529,417012
6120419,415987,417471
6125457,416327,417812
6131301,416724,418211
6138130,417198,418686
6139533,417288,418778
6145612,417696,419188
6155614,418389,419881
6165608,419069,420561
6172439,419525,421018
6178661,419959,421453
6181762,420170,421666
6186926,420519,422017
6196932,421183,422681
6203745,421650,423149
6210488,422113,423613
6217182,422560,424061
6224241,423025,424527
6231196,423492,424995
6238674,424003,425506
6246615,424534,426038
6250490,424799,426305
6255109,425119,426627
6259871,425443,426952
6266155,425870,427381
6272895,426320,427832
6277372,426608,428121
6283601,427046,428561
6288517,427375,428891
6294193,427766,429284
6299619,428133,429652
6307919,428679,430199
6315542,429195,430715
6321867,429620,431142
6325825,429880,431403
6335737,430548,432072
6342697,431014,432539
6349544,431478,433004
6356380,431945,433472
6360126,432207,433736
6367046,432666,434196
6376568,433299,434829
6380791,433589,435121
6383202,433751,435285
6388332,434093,435629
6398339,434769,436305
6403087,435091,436628
6412158,435702,437240
6415846,435955,437495
6424647,436555,438095
6428493,436818,438360
6436344,437359,438902
6443182,437829,439373
6450125,438299,439844
6457092,438765,440311
6463977,439230,440777
6467769,439480,441029
6474535,439939,441489
6480942,440372,441923
6488414,440873,442425
6492232,441134,442688
6495032,441325,442881
6499931,441652,443210
6506777,442114,443673
6510659,442367,443928
6514587,442634,444197
6524581,443325,444888
6528220,443575,445140
6534130,443981,445547
6539918,444373,445940
6544945,444700,446269
6549559,445014,446585
6559546,445676,447247
6566431,446132,447704
6568363,446262,447836
6574975,446719,448294
6583985,447319,448895
6588545,447627,449204
6594481,448009,449588
6598660,448293,449873
6604800,448697,450279
6609075,448984,450568
6613170,449265,450850
6613693,449301,450889
6617336,449560,451151
6623656,449988,451580
6628290,450296,451889
6634767,450743,452338
6643595,451345,452940
6648421,451676,453273
6655382,452152,453750
6658262,452355,453955
6665600,452865,454466
6669951,453161,454763
6675969,453570,455174
6678706,453753,455359
6683884,454107,455715
6690858,454590,456199
6694820,454849,456460
6701786,455320,456932
6711795,455998,457610
6716297,456304,457917
6719252,456504,458120
6725771,456933,458550
6729883,457208,458827
6736768,457667,459287
6743599,458123,459744
6749439,458511,460133
6753935,458811,460435
6763929,459491,461115
6773931,460165,461789
6783935,460849,462473
6787664,461109,462735
6797662,461794,463420
6804593,462270,463897
6811467,462743,464371
6818237,463198,464827
6822511,463491,465121
6828904,463905,465537
6838903,464607,466239
6845644,465061,466694
6852571,465535,467169
6856337,465793,467429
6865627,466415,468051
6873115,466919,468556
6879929,467385,469023
6886707,467833,469472
6892005,468175,469815
6899240,468676,470317
6907572,469245,470887
6917570,469925,471567
6921297,470177,471820
6928194,470658,472303
6936004,471185,472830
6940817,471525,473172
6948999,472074,473722
6955602,472524,474173
6959536,472791,474442
6969524,473492,475143
6974994,473858,475510
6980023,474202,475856
6985503,474580,476235
6990562,474922,476579
6994105,475151,476810
6999638,475522,477182
7006220,475964,477625
7009101,476152,477815
7017667,476735,478399
7025533,477267,478932
7035535,477957,479622
7044892,478599,480264
7049167,478888,480555
7053051,479148,480816
7059558,479592,481262
7064533,479934,481605
7073544,480553,482225
7083546,481222,482894
7087458,481485,483159
7094355,481957,483632
7101205,482420,484096
7107989,482876,484553
7111750,483136,484815
7116610,483457,485137
7123389,483913,485594
7132285,484518,486200
7137465,484872,486555
7143102,485253,486938
7149892,485722,487408
7156737,486195,487882
7163732,486674,488362
7173737,487344,489032
7180620,487808,489497
7187573,488292,489982
7194350,488745,490436
7201289,489218,490910
7205025,489470,491164
7210341,489826,491521
7213738,490054,491751
7221579,490581,492279
7222841,490667,492367
7232764,491322,493023
7237940,491680,493382
7243146,492037,493741
7252165,492635,494339
7257059,492965,494671
7263996,493427,495134
7270972,493892,495600
7278033,494368,496076
7284755,494822,496532
7290958,495249,496960
7295691,495571,497284
7302481,496028,497742
7309340,496493,498208
7316272,496964,498680
7326266,497644,499360
7336269,498320,500036
7346266,499001,500717
7353253,499477,501194
7360042,499936,501654
7366913,500402,502121
7374815,500940,502659
7383790,501536,503256
7390557,501994,503715
7397409,502455,504177
7401926,502756,504479
7407730,503151,504876
7408482,503197,504924
7414567,503611,505340
7422118,504124,505854
7428870,504591,506322
7435636,505056,506788
7444204,505637,507369
7452588,506186,507919
7462594,506855,508588
7469411,507312,509046
7476666,507797,509531
7481016,508095,509831
7490252,508730,510467
7500237,509408,511145
7504145,509663,511402
7507836,509910,511651
7514704,510373,512115
7521100,510792,512535
7525065,511052,512797
7530838,511452,513198
7532560,511564,513313
7542153,512212,513961
7545606,512449,514200
7553221,512968,514720
7560193,513434,515187
7564010,513698,515453
7569705,514087,515843
7574611,514416,516174
7584607,515111,516869
7594605,515779,517537
7600737,516177,517936
7605166,516477,518238
7611962,516945,518707
7615674,517185,518949
7622445,517635,519400
7631900,518284,520049
7636196,518574,520341
7646203,519244,521011
7650036,519506,521275
7653990,519775,521546
7659295,520129,521901
7661598,520286,522061
7671597,520976,522751
7681594,521652,523427
7691591,522311,524086
7698336,522756,524532
7703139,523082,524859
7711912,523677,525455
7720575,524277,526055
7722704,524418,526199
7728647,524811,526593
7733221,525111,526895
7740205,525568,527353
7746548,525990,527776
7750826,526283,528071
7757759,526751,528540
7764690,527224,529014
7768774,527505,529296
7771986,527732,529526
7776853,528053,529848
7784420,528565,530361
7786407,528697,530496
7793182,529149,530949
7800133,529601,531402
7805880,529993,531795
7810887,530350,532154
7815891,530716,532521
7824468,531336,533142
7831525,531838,533644
7838192,532312,534120
7841940,532581,534391
7848684,533030,534841
7852779,533314,535127
7859702,533795,535609
7866654,534269,536084
7868749,534427,536244
7873969,534783,536602
7877596,535033,536854
7887591,535708,537529
7897585,536372,538193
7901191,536621,538444
7911200,537301,539124
7919626,537880,539703
7927606,538436,540260
7933561,538835,540660
7941910,539401,541227
7948867,539864,541691
7958859,540540,542367
7965670,540992,542820
7972469,541442,543271
7982473,542119,543948
7992467,542794,544623
7999114,543257,545087
8006087,543732,545563
8007008,543798,545632
8017000,544491,546325
8023754,544950,546785
8027404,545201,547038
8031400,545473,547311
8037856,545918,547758
8046431,546483,548323
8054784,547054,548895
8059739,547404,549246
8068380,547993,549836
8075322,548459,550303
8085310,549125,550969
8092687,549620,551464
8098914,550048,551894
8102793,550310,552158
8108697,550718,552567
8113551,551045,552896
8120427,551497,553349
8125920,551866,553719
8134201,552427,554281
8140558,552850,554705
8144268,553087,554944
8151838,553604,555462
8155376,553842,555702
8159167,554091,555953
8162916,554349,556212
8163714,554401,556267
8167328,554643,556512
8169743,554805,556676
8176024,555220,557092
8180924,555549,557423
8184257,555779,557655
8192501,556345,558222
8199445,556815,558693
8202225,556997,558877
8209999,557518,559399
8220008,558196,560077
8228340,558767,560648
8230887,558938,560822
8235964,559272,561157
8244834,559871,561757
8251692,560323,562210
8258619,560790,562678
8265587,561278,563167
8272557,561731,563621
8281865,562355,564245
8286273,562650,564542
8291309,562989,564882
8296827,563357,565252
8306822,564052,565947
8313848,564536,566431
8316305,564709,566607
8319924,564953,566853
8323306,565188,567090
8324840,565295,567200
8329124,565581,567488
8335815,566020,567928
8340419,566338,568248
8347253,566798,568709
8354240,567280,569192
8361134,567753,569666
8368073,568229,570143
8374858,568692,570607
8383158,569261,571176
8387442,569552,571469
8389687,569705,571624
8393312,569950,571871
8399416,570370,572293
8403341,570641,572566
8413337,571324,573249
8420212,571786,573712
8426168,572193,574120
8433370,572687,574615
8437521,572971,574901
8444300,573440,575371
8448149,573703,575636
8453214,574047,575981
8459912,574487,576422
8465556,574880,576817
8467785,575032,576971
8472779,575378,577319
8476890,575655,577598
8482618,576052,577996
8483794,576128,578075
8488243,576424,578373
8491699,576657,578608
8495739,576922,578875
8505735,577592,579545
8512258,578018,579972
8514200,578149,580105
8520332,578569,580527
8530330,579249,581207
8537403,579724,581682
8543927,580173,582133
8550912,580639,582600
8556421,581004,582966
8564666,581550,583513
8574402,582207,584170
8578438,582493,584458
8586882,583065,585030
8591983,583408,585375
8601736,584080,586047
8607948,584506,586474
8612683,584828,586798
8619143,585287,587258
8623251,585562,587535
8627008,585813,587788
8631546,586132,588108
8638944,586632,588609
8644513,586998,588977
8654514,587669,589648
8662035,588191,590170
8667251,588534,590515
8671868,588838,590821
8676324,589143,591127
8682540,589557,591543
8689438,590026,592013
8696326,590489,592476
8700940,590810,592799
8707001,591233,593224
8710878,591491,593484
8717877,591970,593964
8724867,592456,594451
8731860,592922,594918
8738705,593372,595369
8741097,593533,595532
8743034,593664,595666
8751292,594231,596233
8759783,594810,596813
8766785,595267,597271
8773634,595738,597743
8780593,596207,598213
8784416,596470,598478
8790925,596911,598920
8797143,597336,599346
8804988,597876,599887
8814983,598538,600549
8818648,598787,600800
8824931,599208,601222
8826088,599290,601307
8834511,599866,601883
8842708,600431,602449
8845251,600605,602625
8847282,600745,602768
8854041,601207,603231
8858289,601496,603521
8864722,601938,603965
8868599,602194,604223
8873800,602544,604574
8878872,602890,604922
8885646,603341,605374
8892513,603806,605840
8899294,604258,606293
8904737,604619,606655
8913134,605194,607231
8918677,605589,607627
8923613,605917,607957
8930573,606398,608439
8937526,606876,608918
8944479,607337,609380
8954476,608014,610057
8958384,608281,610326
8965380,608744,610790
8975057,609413,611459
8981316,609835,611882
8986067,610171,612220
8993189,610648,612697
9002827,611304,613354
9009127,611727,613778
9016484,612216,614268
9022649,612635,614688
9026518,612891,614946
9030675,613172,615229
9039128,613748,615805
9044423,614097,616156
9051300,614563,616623
9058151,615032,617093
9065366,615526,617587
9071025,615906,617969
9072859,616025,618090
9079518,616473,618540
9080742,616556,618625
9084220,616786,618857
9090607,617234,619307
9091926,617328,619403
9095565,617576,619653
9101925,618016,620095
9105613,618267,620348
9112560,618751,620833
9114379,618873,620957
9118259,619126,621212
9121015,619307,621396
9127885,619764,621854
9134815,620231,622322
9138481,620478,622571
9142705,620763,622858
9146735,621044,623140
9153092,621476,623574
9163086,622155,624253
9169269,622566,624665
9172818,622807,624908
9180691,623351,625453
9184470,623607,625711
9188290,623877,625983
9195242,624347,626454
9202053,624802,626910
9209021,625279,627388
9214690,625657,627767
9221539,626127,628238
9229789,626681,628793
9235152,627051,629164
9242254,627537,629651
9250563,628106,630221
9254285,628366,630483
9264275,629058,631175
9271174,629524,631642
9278061,629976,632095
9281489,630208,632329
9288865,630699,632821
9292540,630936,633059
9293769,631020,633146
9297239,631261,633389
9306979,631904,634033
9313939,632372,634502
9320879,632855,634986
9323785,633045,635178
9325998,633193,635328
9331751,633577,635714
9335627,633843,635982
9345622,634505,636644
9352523,634977,637117
9359462,635435,637576
9369457,636099,638240
9376230,636561,638703
9381134,636901,639044
9384132,637100,639245
9390691,637551,639697
9397504,637998,640146
9404757,638501,640649
9411181,638940,641090
9415016,639198,641350
9420549,639569,641722
9423296,639756,641911
9429590,640185,642342
9436404,640629,642787
9442481,641038,643197
9450303,641571,643731
9456292,641982,644143
9457832,642084,644247
9461481,642325,644491
9469221,642855,645021
9475376,643273,645441
9485374,643956,646124
9495374,644617,646785
9502211,645081,647250
9509134,645566,647736
9512321,645789,647961
9515548,646012,648186
9519451,646276,648452
9525792,646705,648882
9534356,647264,649442
9537730,647493,649673
9544778,647968,650149
9550928,648388,650570
9555304,648696,650880
9559079,648950,651136
9564076,649296,651483
9569772,649684,651873
9573884,649969,652159
9577070,650178,652371
9584020,650640,652834
9587869,650901,653097
9597879,651574,653770
9601496,651822,654020
9603061,651922,654122
9609177,652348,654550
9616202,652829,655032
9626209,653524,655727
9633078,653988,656192
9639856,654437,656642
9646629,654877,657083
9656642,655548,657754
9663612,656019,658226
9667551,656286,658495
9674391,656759,658969
9681360,657220,659431
9687459,657628,659840
9690909,657869,660083
9692389,657966,660183
9696442,658240,660459
9701936,658621,660841
9709955,659167,661388
9719971,659849,662070
9723904,660120,662343
9730878,660592,662816
9739159,661159,663383
9747775,661748,663973
9757790,662419,664644
9764580,662880,665106
9768403,663138,665366
9778413,663827,666055
9787203,664412,666640
9792023,664734,666964
9799014,665210,667441
9802707,665460,667693
9810350,665974,668207
9816481,666384,668619
9820121,666633,668870
9824934,666951,669189
9827367,667116,669357
9832809,667492,669734
9841154,668049,670292
9847965,668509,670753
9853968,668913,671158
9861605,669425,671671
9865440,669690,671938
9875445,670358,672606
9884900,670995,673243
9887189,671154,673404
9891602,671459,673711
9899594,671998,674251
9906326,672455,674709
9914445,672993,675247
9923252,673591,675846
9930115,674055,676311
9933829,674309,676567
9939642,674695,676954
9947479,675232,677492
9954443,675697,677958
9961393,676165,678427
9968230,676637,678900
9973877,677022,679286
9982057,677576,679841
9988790,678026,680292
9998795,678703,680969
10008202,679348,681614
10015681,679848,682115
10022606,680321,682589
10030246,680842,683110
10031592,680930,683201
10040152,681516,683788
10050146,682192,684464
10057008,682655,684928
10065168,683206,685479
10070716,683573,685848
10077570,684033,686309
10086645,684641,686917
10091350,684957,687235
10098129,685411,687690
10104972,685870,688150
10107785,686069,688351
10112309,686365,688649
10122312,687029,689313
10126091,687282,689568
10129668,687521,689809
10136437,687977,690266
10142980,688426,690716
10144826,688543,690835
10151104,688960,691253
10152459,689060,691356
10158128,689447,691745
10164963,689917,692216
10168492,690148,692449
10173597,690502,692804
10182037,691079,693382
10192030,691751,694054
10199010,692222,694526
10201640,692391,694697
10206389,692712,695020
10213189,693180,695489
10223189,693855,696164
10230042,694309,696619
10233759,694558,696870
10241773,695076,697388
10245772,695347,697661
10250903,695700,698016
10260247,696336,698652
10267668,696849,699166
10272649,697188,699506
10279073,697623,699942
10285313,698041,700362
10292312,698507,700829
10302314,699180,701502
10309622,699687,702009
10316792,700178,702501
10324009,700672,702996
10330191,701101,703426
10332154,701239,703567
10337352,701592,703922
10344171,702057,704388
10348266,702322,704655
10355016,702778,705112
10358660,703009,705345
10364738,703418,705755
10372614,703947,706285
10382288,704605,706943
10386750,704916,707255
10392103,705282,707623
10396911,705598,707941
10404783,706123,708466
10413784,706718,709062
10415190,706813,709159
10424482,707443,709790
10431190,707905,710253
10438214,708389,710738
10445203,708863,711213
10449032,709131,711483
10458234,709759,712111
10462835,710068,712422
10469636,710528,712883
10476524,710993,713349
10486526,711678,714034
10492483,712085,714442
10496087,712338,714697
10500539,712648,715009
10507724,713134,715496
10514489,713591,715954
10523704,714210,716573
10528385,714532,716897
10535176,714984,717350
10539046,715250,717618
10549042,715927,718295
10555480,716364,718733
10562814,716859,719229
10572811,717528,719898
10578428,717911,720282
10580095,718028,720402
10580871,718082,720458
10581803,718137,720516
10583447,718252,720634
10589132,718641,721025
10592733,718879,721265
10599683,719337,721724
10606277,719793,722181
10610144,720037,722427
10610835,720082,722475
10619919,720706,723099
10624491,721021,723416
10631472,721495,723891
10638298,721951,724348
10648308,722625,725022
10651951,722873,725272
10658415,723310,725710
10662643,723596,725998
10666303,723849,726252
10673224,724313,726718
10680124,724773,727179
10684089,725039,727446
10687786,725289,727698
10694450,725726,728137
10701232,726190,728602
10709568,726754,729166
10718129,727329,729742
10724968,727797,730211
10731896,728252,730667
10740485,728842,731257
10745642,729189,731606
10751971,729624,732042
10756534,729927,732347
10766539,730591,733011
10770979,730888,733309
10777037,731306,733729
10784003,731774,734198
10790314,732201,734626
10794677,732507,734933
10802631,733051,735478
10808256,733421,735850
10811982,733676,736107
10816115,733947,736379
10821699,734324,736758
10829522,734850,737285
10839515,735522,737957
10846485,735990,738426
10855568,736618,739054
10859266,736875,739313
10864051,737192,739632
10874035,737863,740303
10881016,738321,740762
10888926,738864,741305
10894906,739262,741705
10897730,739463,741908
10902448,739798,742245
10912442,740473,742920
10919295,740939,743387
10925029,741323,743772
10930170,741668,744118
10937015,742135,744587
10943769,742604,745057
10951708,743150,745603
10954881,743367,745822
10964562,744015,746471
10971322,744480,746937
10981323,745167,747624
10988238,745647,748105
10998228,746326,748784
11002060,746584,749044
11007910,746983,749444
11012248,747270,749733
11019491,747765,750229
11029496,748448,750912
11033855,748740,751205
11038273,749038,751505
11043880,749423,751892
11050624,749888,752358
11060628,750576,753046
11070626,751253,753723
11074494,751514,753985
11078466,751787,754260
11085134,752240,754715
11091552,752667,755143
11098974,753164,755641
11105920,753637,756115
11112690,754091,756570
11122687,754770,757249
11126406,755029,757510
11133174,755498,757980
11137812,755806,758289
11140752,756006,758492
11147745,756474,758961
11151560,756745,759234
11158360,757198,759688
11163425,757535,760026
11169077,757923,760416
11174760,758304,760798
11176506,758424,760921
11183273,758889,761387
11185691,759045,761545
11189170,759277,761779
11191919,759457,761961
11201433,760101,762606
11208268,760551,763057
11214017,760936,763443
11222070,761485,763993
11228820,761933,764442
11238814,762597,765106
11246189,763095,765604
11255576,763717,766227
11265590,764389,766899
11267890,764539,767051
11273206,764898,767412
11280114,765377,767892
11284078,765641,768157
11289387,766006,768524
11294389,766344,768864
11301253,766816,769337
11308209,767292,769814
11313889,767678,770201
11321927,768228,770752
11325679,768489,771015
11332374,768947,771474
11334503,769093,771622
11336999,769263,771795
11342949,769664,772197
11350822,770195,772729
11357800,770684,773219
11364732,771143,773679
11371712,771621,774158
11375449,771873,774412
11382950,772376,774915
11392198,772977,775517
11401657,773619,776159
11406053,773914,776456
11410232,774203,776746
11416732,774640,777185
11419611,774835,777382
11427420,775362,777910
11434397,775831,778380
11438076,776086,778637
11447826,776757,779308
11450429,776929,779482
11455528,777272,779827
11464819,777897,780452
11468793,778166,780723
11472149,778392,780951
11476053,778653,781214
11483513,779166,781728
11493506,779845,782407
11497457,780114,782677
11504186,780574,783138
11514004,781239,783804
11520838,781691,784257
11526909,782118,784685
11531732,782458,785027
11541723,783122,785691
11548527,783581,786151
11552226,783836,786408
11561416,784451,787023
11562990,784558,787133
11569310,784981,787557
11576738,785491,788068
11586734,786175,788752
11590604,786438,789017
11592575,786573,789154
11598151,786957,789540
11605501,787463,790046
11609003,787709,790295
11612767,787970,790558
11620076,788487,791075
11626565,788930,791520
11633473,789404,791995
11643476,790080,792671
11648216,790396,792988
11652365,790675,793269
11654634,790829,793426
11661775,791312,793910
11668741,791772,794371
11675643,792239,794839
11685647,792892,795492
11692296,793347,795948
11697447,793685,796287
11706481,794301,796904
11713458,794773,797377
11723449,795442,798046
11730286,795899,798504
11737258,796384,798990
11744116,796845,799452
11747993,797107,799716
11752871,797438,800048
11755418,797613,800226
11759173,797863,800477
11762910,798118,800735
11769388,798560,801178
11776573,799059,801678
11786573,799738,802357
11793552,800216,802836
11803552,800899,803519
11809401,801305,803926
11817170,801825,804447
11820956,802085,804709
11824973,802360,804986
11831762,802809,805436
11835882,803093,805721
11845528,803746,806375
11849195,804003,806634
11855074,804410,807042
11859818,804733,807367
11866719,805206,807841
11870933,805488,808124
11877404,805923,808560
11881397,806187,808826
11890909,806822,809462
11892790,806947,809589
11895204,807109,809754
11902025,807588,810234
11908396,808023,810670
11912473,808296,810945
11916346,808550,811201
11920135,808801,811454
11926922,809252,811906
11933729,809721,812376
11938753,810061,812717
11944390,810447,813105
11951342,810922,813581
11957809,811358,814018
11962097,811637,814299
11967815,812022,814685
11972040,812309,814974
11977582,812683,815349
11985037,813184,815851
11990115,813525,816194
11999979,814182,816851
12003784,814434,817105
12010486,814894,817566
12017554,815367,818040
12024341,815825,818499
12034021,816473,819147
12037941,816744,819419
12041620,816988,819666
12045745,817264,819943
12055466,817929,820609
12059427,818213,820895
12067814,818789,821471
12073155,819151,821835
12076306,819370,822056
12080383,819644,822332
12081136,819695,822386
12088030,820167,822859
12090752,820355,823049
12098368,820862,823557
12102578,821139,823835
12109410,821612,824310
12112865,821842,824542
12116820,822117,824819
12123712,822588,825291
12133707,823261,825964
12140501,823702,826406
